id,name,owner_id,visibility,created_at,updated_at
0a49ed9d-587a-4a3a-825b-f8925f15f06f,Mirage,b5f6bfd8-6e11-4d50-a74a-28068db9bd18,public,2026-05-12 16:09:43.101048+00,2026-05-12 16:09:43.101048+00
10edae2d-dfb3-4870-a6ce-66f8cba81bc9,Pocket,b5f6bfd8-6e11-4d50-a74a-28068db9bd18,public,2026-05-12 16:09:43.101048+00,2026-05-12 16:09:43.101048+00
12a7b33f-3be8-4aa3-968b-2662faa47c06,Silver,b5f6bfd8-6e11-4d50-a74a-28068db9bd18,public,2026-05-12 16:09:43.101048+00,2026-05-12 16:09:43.101048+00
1b081a2c-10d8-427a-affb-d80cbf8a0bd9,Yamato,b5f6bfd8-6e11-4d50-a74a-28068db9bd18,public,2026-05-12 16:09:43.101048+00,2026-05-12 16:09:43.101048+00
2764127f-ebdc-4547-86ef-755d52dae25e,Holliday,b5f6bfd8-6e11-4d50-a74a-28068db9bd18,public,2026-05-12 16:09:43.101048+00,2026-05-12 16:09:43.101048+00
27f8ce63-08aa-4ab6-842c-6f400c82df1b,Mo+Krill,b5f6bfd8-6e11-4d50-a74a-28068db9bd18,public,2026-05-12 16:09:43.101048+00,2026-05-12 16:09:43.101048+00
2e9cef90-4675-4f8b-ad42-04410180e383,Lady Geist,b5f6bfd8-6e11-4d50-a74a-28068db9bd18,public,2026-05-12 16:09:43.101048+00,2026-05-12 16:09:43.101048+00
3ad720b7-ebf0-4854-af2d-84cbafc866af,Victor,b5f6bfd8-6e11-4d50-a74a-28068db9bd18,public,2026-05-12 16:09:43.101048+00,2026-05-12 16:09:43.101048+00
3d9286b4-393c-43cf-b81b-73ac7cff424e,The Doorman,b5f6bfd8-6e11-4d50-a74a-28068db9bd18,public,2026-05-12 16:09:43.101048+00,2026-05-12 16:09:43.101048+00
3e0dc138-53d3-45fa-a216-cfb3ab8be757,Haze,b5f6bfd8-6e11-4d50-a74a-28068db9bd18,public,2026-05-12 16:09:43.101048+00,2026-05-12 16:09:43.101048+00
4ba64467-51a5-48ec-b9c7-0d742a0881cf,Mina,b5f6bfd8-6e11-4d50-a74a-28068db9bd18,public,2026-05-12 16:09:43.101048+00,2026-05-12 16:09:43.101048+00
55814ca1-dfbe-4fe0-b192-d8a6db2fa8fc,Bebop,b5f6bfd8-6e11-4d50-a74a-28068db9bd18,public,2026-05-12 16:09:43.101048+00,2026-05-12 16:09:43.101048+00
55f337d3-486e-4e63-b9a3-b5903b78df70,Sinclair,b5f6bfd8-6e11-4d50-a74a-28068db9bd18,public,2026-05-12 16:09:43.101048+00,2026-05-12 16:09:43.101048+00
5a6a00e6-ba82-49f9-84ee-1d677a126789,Grey Talon,b5f6bfd8-6e11-4d50-a74a-28068db9bd18,public,2026-05-12 16:09:43.101048+00,2026-05-12 16:09:43.101048+00
5b1a4a24-d4ca-4914-9985-9ba58de1b8ae,Abrams,b5f6bfd8-6e11-4d50-a74a-28068db9bd18,public,2026-05-12 16:09:43.101048+00,2026-05-12 16:09:43.101048+00
61349f20-883e-42e5-8ef6-b7b7e05ee069,Kelvin,b5f6bfd8-6e11-4d50-a74a-28068db9bd18,public,2026-05-12 16:09:43.101048+00,2026-05-12 16:09:43.101048+00
6784cb64-bef0-4231-9f10-bc5a8df77a20,Seven,b5f6bfd8-6e11-4d50-a74a-28068db9bd18,public,2026-05-12 16:09:43.101048+00,2026-05-12 16:09:43.101048+00
6a413b02-8c32-4a97-a868-4b94a6abb2dd,Shiv,b5f6bfd8-6e11-4d50-a74a-28068db9bd18,public,2026-05-12 16:09:43.101048+00,2026-05-12 16:09:43.101048+00
799eb4ad-18b7-4eb5-9e84-b5d43c91db5f,Vindicta,b5f6bfd8-6e11-4d50-a74a-28068db9bd18,public,2026-05-12 16:09:43.101048+00,2026-05-12 16:09:43.101048+00
7c151f37-f795-43c4-82c4-997ec6ba7ad8,Rem,b5f6bfd8-6e11-4d50-a74a-28068db9bd18,public,2026-05-12 16:09:43.101048+00,2026-05-12 16:09:43.101048+00
84bc2655-f87a-4cbc-ba96-e5597e535c6c,Celeste,b5f6bfd8-6e11-4d50-a74a-28068db9bd18,public,2026-05-12 16:09:43.101048+00,2026-05-12 16:09:43.101048+00
87057f14-e2f5-4af8-ad19-51b0c096f0c7,Billy,b5f6bfd8-6e11-4d50-a74a-28068db9bd18,public,2026-05-12 16:09:43.101048+00,2026-05-12 16:09:43.101048+00
8b1575a1-e5e7-4cd1-971b-ce369970f9d7,Drifter,b5f6bfd8-6e11-4d50-a74a-28068db9bd18,public,2026-05-12 16:09:43.101048+00,2026-05-12 16:09:43.101048+00
93d39999-d314-43b0-9943-0ad5e1cdac90,Graves,b5f6bfd8-6e11-4d50-a74a-28068db9bd18,public,2026-05-12 16:09:43.101048+00,2026-05-12 16:09:43.101048+00
9a04b08b-ae37-4263-8434-5b065399ae63,Lash,b5f6bfd8-6e11-4d50-a74a-28068db9bd18,public,2026-05-12 16:09:43.101048+00,2026-05-12 16:09:43.101048+00
a0a855a9-86dd-4ecd-990e-c2172d4c1b82,Venator,b5f6bfd8-6e11-4d50-a74a-28068db9bd18,public,2026-05-12 16:09:43.101048+00,2026-05-12 16:09:43.101048+00
a16b46a3-7d16-47b7-b729-9dd7f1ccca58,Calico,b5f6bfd8-6e11-4d50-a74a-28068db9bd18,public,2026-05-12 16:09:43.101048+00,2026-05-12 16:09:43.101048+00
a6e0c762-8ac2-4cd3-9755-1dd54f90dd30,Paige,b5f6bfd8-6e11-4d50-a74a-28068db9bd18,public,2026-05-12 16:09:43.101048+00,2026-05-12 16:09:43.101048+00
a8589cbf-f140-4468-af3d-0d7207410981,Apollo,b5f6bfd8-6e11-4d50-a74a-28068db9bd18,public,2026-05-12 16:09:43.101048+00,2026-05-12 16:09:43.101048+00
ae72291b-14b0-4421-9acf-cfb484261cd0,Dynamo,b5f6bfd8-6e11-4d50-a74a-28068db9bd18,public,2026-05-12 16:09:43.101048+00,2026-05-12 16:09:43.101048+00
b4887df7-d446-480c-a7a5-2f0fc38426f3,Infernus,b5f6bfd8-6e11-4d50-a74a-28068db9bd18,public,2026-05-12 16:09:43.101048+00,2026-05-12 16:09:43.101048+00
b8c43be3-a003-468d-87a8-dead11fa65e0,Paradox,b5f6bfd8-6e11-4d50-a74a-28068db9bd18,public,2026-05-12 16:09:43.101048+00,2026-05-12 16:09:43.101048+00
d2dc759b-baa8-4542-9c15-1774ea79a1d2,Wraith,b5f6bfd8-6e11-4d50-a74a-28068db9bd18,public,2026-05-12 16:09:43.101048+00,2026-05-12 16:09:43.101048+00
d933c9d3-151e-4158-871a-61d8db554be3,Vyper,b5f6bfd8-6e11-4d50-a74a-28068db9bd18,public,2026-05-12 16:09:43.101048+00,2026-05-12 16:09:43.101048+00
df4ed443-ca7b-493e-b833-b832eb71cf2b,Warden,b5f6bfd8-6e11-4d50-a74a-28068db9bd18,public,2026-05-12 16:09:43.101048+00,2026-05-12 16:09:43.101048+00
f5cddb43-23d5-4976-ac4e-e14b3556a345,Ivy,b5f6bfd8-6e11-4d50-a74a-28068db9bd18,public,2026-05-12 16:09:43.101048+00,2026-05-12 16:09:43.101048+00
fb63b076-fe1d-4336-86ce-7bd1bdef7670,Viscous,b5f6bfd8-6e11-4d50-a74a-28068db9bd18,public,2026-05-12 16:09:43.101048+00,2026-05-12 16:09:43.101048+00
ff7a0d37-d642-44bd-9b4d-2f283f2728f6,McGinnis,b5f6bfd8-6e11-4d50-a74a-28068db9bd18,public,2026-05-12 16:09:43.101048+00,2026-05-12 16:09:43.101048+00